{
  "Understanding Machine Learning": [
    "1. Introduction",
    "Machine learning is a field of artificial intelligence that uses statistical techniques to give computer",
    "systems the ability to learn from data.",
    "2. Applications",
    "Applications include image recognition, natural language processing, and predictive analytics."
  ],
  "1. Introduction": [
    "Understanding Machine Learning",
    "Machine learning is a field of artificial intelligence that uses statistical techniques to give computer",
    "systems the ability to learn from data.",
    "2. Applications",
    "Applications include image recognition, natural language processing, and predictive analytics."
  ],
  "2. Applications": [
    "Understanding Machine Learning",
    "1. Introduction",
    "Machine learning is a field of artificial intelligence that uses statistical techniques to give computer",
    "systems the ability to learn from data.",
    "Applications include image recognition, natural language processing, and predictive analytics."
  ],
  "3. Conclusion": [
    "Understanding Machine Learning",
    "1. Introduction",
    "Machine learning is a field of artificial intelligence that uses statistical techniques to give computer",
    "systems the ability to learn from data.",
    "2. Applications"
  ],
  "__filename__": "sample_test_pdf.pdf"
}