{
  "1": [
    "2. Applications",
    "Understanding Machine Learning",
    "3. Conclusion"
  ],
  "introduction": [
    "2. Applications",
    "Understanding Machine Learning",
    "3. Conclusion"
  ],
  "machine": [
    "1. Introduction",
    "2. Applications",
    "Understanding Machine Learning",
    "3. Conclusion"
  ],
  "learning": [
    "1. Introduction",
    "2. Applications",
    "Understanding Machine Learning",
    "3. Conclusion"
  ],
  "is": [
    "1. Introduction",
    "2. Applications",
    "Understanding Machine Learning",
    "3. Conclusion"
  ],
  "a": [
    "1. Introduction",
    "2. Applications",
    "Understanding Machine Learning",
    "3. Conclusion"
  ],
  "field": [
    "1. Introduction",
    "2. Applications",
    "Understanding Machine Learning",
    "3. Conclusion"
  ],
  "of": [
    "1. Introduction",
    "2. Applications",
    "Understanding Machine Learning",
    "3. Conclusion"
  ],
  "artificial": [
    "1. Introduction",
    "2. Applications",
    "Understanding Machine Learning",
    "3. Conclusion"
  ],
  "intelligence": [
    "1. Introduction",
    "2. Applications",
    "Understanding Machine Learning",
    "3. Conclusion"
  ],
  "that": [
    "1. Introduction",
    "2. Applications",
    "Understanding Machine Learning",
    "3. Conclusion"
  ],
  "uses": [
    "1. Introduction",
    "2. Applications",
    "Understanding Machine Learning",
    "3. Conclusion"
  ],
  "statistical": [
    "1. Introduction",
    "2. Applications",
    "Understanding Machine Learning",
    "3. Conclusion"
  ],
  "techniques": [
    "1. Introduction",
    "2. Applications",
    "Understanding Machine Learning",
    "3. Conclusion"
  ],
  "to": [
    "1. Introduction",
    "2. Applications",
    "Understanding Machine Learning",
    "3. Conclusion"
  ],
  "give": [
    "1. Introduction",
    "2. Applications",
    "Understanding Machine Learning",
    "3. Conclusion"
  ],
  "computer": [
    "1. Introduction",
    "2. Applications",
    "Understanding Machine Learning",
    "3. Conclusion"
  ],
  "systems": [
    "1. Introduction",
    "2. Applications",
    "Understanding Machine Learning",
    "3. Conclusion"
  ],
  "the": [
    "1. Introduction",
    "2. Applications",
    "Understanding Machine Learning",
    "3. Conclusion"
  ],
  "ability": [
    "1. Introduction",
    "2. Applications",
    "Understanding Machine Learning",
    "3. Conclusion"
  ],
  "learn": [
    "1. Introduction",
    "2. Applications",
    "Understanding Machine Learning",
    "3. Conclusion"
  ],
  "from": [
    "1. Introduction",
    "2. Applications",
    "Understanding Machine Learning",
    "3. Conclusion"
  ],
  "data": [
    "1. Introduction",
    "2. Applications",
    "Understanding Machine Learning",
    "3. Conclusion"
  ],
  "2": [
    "1. Introduction",
    "Understanding Machine Learning",
    "3. Conclusion"
  ],
  "applications": [
    "1. Introduction",
    "2. Applications",
    "Understanding Machine Learning",
    "3. Conclusion"
  ],
  "include": [
    "1. Introduction",
    "2. Applications",
    "Understanding Machine Learning",
    "3. Conclusion"
  ],
  "image": [
    "1. Introduction",
    "2. Applications",
    "Understanding Machine Learning",
    "3. Conclusion"
  ],
  "recognition": [
    "1. Introduction",
    "2. Applications",
    "Understanding Machine Learning",
    "3. Conclusion"
  ],
  "natural": [
    "1. Introduction",
    "2. Applications",
    "Understanding Machine Learning",
    "3. Conclusion"
  ],
  "language": [
    "1. Introduction",
    "2. Applications",
    "Understanding Machine Learning",
    "3. Conclusion"
  ],
  "processing": [
    "1. Introduction",
    "2. Applications",
    "Understanding Machine Learning",
    "3. Conclusion"
  ],
  "and": [
    "1. Introduction",
    "2. Applications",
    "Understanding Machine Learning",
    "3. Conclusion"
  ],
  "predictive": [
    "1. Introduction",
    "2. Applications",
    "Understanding Machine Learning",
    "3. Conclusion"
  ],
  "analytics": [
    "1. Introduction",
    "2. Applications",
    "Understanding Machine Learning",
    "3. Conclusion"
  ],
  "3": [
    "1. Introduction",
    "2. Applications",
    "Understanding Machine Learning"
  ],
  "conclusion": [
    "1. Introduction",
    "2. Applications",
    "Understanding Machine Learning"
  ],
  "continues": [
    "1. Introduction",
    "2. Applications",
    "Understanding Machine Learning",
    "3. Conclusion"
  ],
  "evolve": [
    "1. Introduction",
    "2. Applications",
    "Understanding Machine Learning",
    "3. Conclusion"
  ],
  "an": [
    "1. Introduction",
    "2. Applications",
    "Understanding Machine Learning",
    "3. Conclusion"
  ],
  "integral": [
    "1. Introduction",
    "2. Applications",
    "Understanding Machine Learning",
    "3. Conclusion"
  ],
  "part": [
    "1. Introduction",
    "2. Applications",
    "Understanding Machine Learning",
    "3. Conclusion"
  ],
  "future": [
    "1. Introduction",
    "2. Applications",
    "Understanding Machine Learning",
    "3. Conclusion"
  ],
  "technology": [
    "1. Introduction",
    "2. Applications",
    "Understanding Machine Learning",
    "3. Conclusion"
  ],
  "understanding": [
    "2. Applications",
    "1. Introduction",
    "3. Conclusion"
  ]
}